Games_at_Coors,Exit Velocity,Launch Angle
,80.9703374119392,17.22160562338143
Coors,82.13601462522853,16.819773805180592
